,subwatershed,area,perimeter,circulatory_ratio,relief,avg_slope,watershed_length,elongation_ratio,drainage_density,shape_factor,relief_ratio,ruggedness,aae_area,buildings_aae_count,x_area,buildings_x_count,water_bodies_area,dams_count,bridges_count,streets_km,railroads_km,population,population_density,avg_median_income,housing_density,population_change,dependent_population_pct,dist_to_stream_avg (m),dist_to_stream_stdev (m),lu_21_area,lu_22_area,lu_23_area,lu_24_area,lu_41_area,lu_82_area,avg_impervious_percent,orb100yr24ha_am,orb25yr24ha_am,orb2yr24ha_am,orb50yr24ha_am,policy_total_building_coverage_avg,claims_total_building_insurance_coverage_avg
0,0.33766286322674777,0.35805142100673903,0.1525359387595926,0.5704622954274935,0.4032906858528676,0.19468984232135753,0.666898085162374,0.367433556176642,6.270280121353666e-07,1.0699212113661833e-07,0.1643092578043777,3.28788843503462e-07,0.1031708816728503,0.004338394793926247,0.06348935260391907,0.0033126293995859213,0.04168898333913292,0.16666666666666666,0.12280701754385964,0.04292896056615816,0.1387034659028358,0.06322599371479926,5.484963034775981e-10,0.4932627586260724,4.805996730369233e-10,0.039898132427843805,0.8542563366810139,0.0,0.0,0.061707044157957185,0.01815043066567393,0.0034462300869160505,0.0015735857449856734,0.17210219467502474,0.6831883315716635,0.009330249260512416,0.13783010225948722,0.17229801754470797,0.391772432322826,0.15071203103137787,0.32791000449483704,0.3501928453525765
1,0.350682020883089,0.5790034594823964,0.26818093691071465,0.4811816132625849,0.19198782416257004,0.050703941716904274,0.46543525157395554,0.5257033928332794,5.522681747005343e-07,4.406324645804185e-08,0.11018153748398454,1.6868586483661022e-07,0.08627212332816547,0.00027114967462039046,0.0,0.0,0.1214754067945132,0.0,0.15789473684210525,0.0596443567766363,0.0,0.0506165190258497,3.060024702789344e-10,0.5903473770165285,2.127415109335883e-10,0.045922558738156524,0.7928423400047826,0.007843110314390486,0.0007176841601609918,0.07493161967134132,0.015407177685507608,0.003287058413806899,0.0011512659025787965,0.12709293880569253,1.0,0.00632320405480397,0.3410982262558906,0.24443591850621127,0.20680756479073548,0.29241670572466294,0.6404136897638233,0.1462221739775466
2,0.35068334880469254,0.23203305123200135,0.2906170063388167,0.21533980913447154,0.09306217742926648,0.0,0.19545122238883622,0.6888774582997911,5.680442323011278e-07,1.8960492917339548e-08,0.12365365772272033,1.1536092895746812e-07,0.0,0.0,0.0,0.0,0.005468671024953983,0.0,0.12280701754385964,0.013875494737317945,0.11624263134677738,0.027797779526767923,2.871807326740103e-10,0.7295118779152684,1.8467474068747197e-10,0.05999780929952352,0.8441734419177431,0.007757892690499736,0.004305418548382414,0.012197099508174832,0.028937906377082944,0.0034107064895709336,0.002171649570200573,0.006268602769977705,0.7551235247002231,0.015052601090769228,0.5402421606417915,0.4793801033886238,0.44686017305023107,0.5108792831476356,0.18076450993872653,0.0690125146268971
3,0.3506855955246695,0.5644473386603718,0.37541193392689487,0.2975659383056686,0.32044165701694755,0.1372078801868014,0.6889071571198195,0.39955145731725006,5.327531810042542e-07,8.800809352147838e-08,0.1243625777660268,2.336684072652832e-07,0.08500491765127546,0.0013557483731019523,0.0,0.0,0.02538812009081814,0.0,0.38596491228070173,0.09217405275174353,0.38303563586691197,0.0845878616362733,5.6795203374535e-10,0.5866789124312924,5.922336342066348e-10,0.0399802836957117,0.8570062171209953,0.025746346272455624,0.01979766901851769,0.11742167872395098,0.03870773533032513,0.011562340021300669,0.007078834097421204,0.04263993334817809,0.9991284926444789,0.0195098902620247,0.9887150647216667,0.9764121230781475,0.9624884126846052,0.9830167537701451,0.04437587133533672,1.7249087537467614e-05
4,0.3507141702871934,0.5235053146996255,0.18129950577060117,0.6436758488936758,0.004361647254442852,0.02633271280211702,0.25903322284753133,0.7146015947883473,5.12673252287096e-07,1.6485586532943763e-08,0.033482006016706985,5.642158620459914e-08,0.06872959382112477,0.11008676789587853,0.3208783352958164,0.15445134575569358,0.01927709944984564,0.0,0.12280701754385964,0.08691840155750283,0.2058088722578143,0.07547264598020664,5.265975769870697e-10,0.5135504794383622,7.718092507718406e-10,0.031409168081494056,0.7841343854615019,0.0026984080785381406,0.004224437222748255,0.1048828000529573,0.06602978620843293,0.03909027709260464,0.025867980587392547,0.022688549650741244,0.9609740165545406,0.03977790933498545,0.46142565646955225,0.413873358381883,0.4295874390583867,0.4368418311721105,0.5108508487684541,0.33073525837099765
5,0.3507141799949822,0.5604496103163384,0.5609474877077129,0.1138457329831905,0.45170052694672486,0.20515489083697533,0.9594817273968732,0.31051696988924093,7.945763892450318e-08,1.5622390011550442e-07,0.12665947870633973,4.71298043177764e-08,0.11776886700200545,0.08405639913232105,0.22210923821855935,0.13167701863354037,0.22399048411983458,0.6666666666666666,0.6842105263157894,0.8775465082398517,0.24810437282315828,1.0,7.47603101458052e-09,0.35352194038467355,2.1859751416303368e-08,0.2691275535352429,0.4451711820420854,0.35628144620935054,0.36189096611942195,0.7689804843993456,1.0,0.6474054178230827,0.3151862464183381,0.13306683679497774,0.000783766757107655,0.5666446414517062,0.30657870866756687,0.3325564609439122,0.5076486978833179,0.3173388837651441,0.6492756465865974,0.2581437002801358
6,0.3507141832742018,0.1150427151159461,0.20200079292405682,0.252582601969618,0.4978719404461018,0.10811416321769884,0.6988449006043593,0.30109984180954324,8.60368200607958e-08,1.671666567609978e-07,0.19618372417538935,5.567653572948147e-08,0.04967463241515423,0.04067245119305857,0.13791461155620408,0.11304347826086956,0.13179221749903103,0.16666666666666666,0.5438596491228069,0.35011353188193856,0.0,0.5471473784684427,7.106636404253833e-09,0.5978985818704176,1.3598935018313205e-08,0.4691111232816693,0.8041606884026786,0.20845215453677013,0.19416462640973853,0.5985194825969211,0.5116650746586153,0.32785182728255646,0.20630372492836674,0.042405915022575326,0.0027431836498767927,0.5235770815253078,0.36416908784251545,0.3751628671386853,0.5127850440677602,0.3677134203192045,0.46026122951618076,0.23627480029718234
7,0.35071418330666937,0.5136417168067634,0.5447782907525999,0.10895873093754749,0.4599080973866751,0.1526465519196956,0.8135911870833425,0.3447747888765598,1.0699988611588409e-07,1.2369383340683598e-07,0.1548807227443984,6.38983369314287e-08,0.23029287094502462,1.0,0.5450711210167325,0.5904761904761905,0.38851269021625395,0.3333333333333333,0.8596491228070176,0.7316351765739999,0.2579462490583282,0.8862858705784505,6.930689199065626e-09,0.7314524300931579,1.7318333655696255e-08,0.5838490607371707,0.49289384299378325,0.27377324816685283,0.30956436060383663,1.0,0.7970710273794004,0.5459223720827383,0.3968481375358166,0.035906924214517806,0.00039188337855382754,0.5398470486086139,0.32530100181356536,0.34319073298577596,0.4998029718765409,0.332215519370223,0.7139994000291281,0.2884495618927309
8,0.3507141866508239,0.34736903004678177,0.28546661247703087,0.2968959228558343,0.48637643158028404,0.1008028755203561,0.6107162173966374,0.3886392425567647,1.2896297591767264e-07,9.393280336440224e-08,0.21667865338537748,8.052147565344611e-08,0.09597001683397632,0.471529284164859,0.7808309481731543,1.0,0.18008765964045584,0.0,0.9298245614035088,0.48900748321726306,0.31322759615584067,0.814776361840012,7.64370428434681e-09,0.34822108531860485,1.7539507277916783e-08,0.2497672380743743,0.6459124541606893,0.1319347618181821,0.15061941855138847,0.5414855383848317,0.7656229702188981,0.7328399819114656,0.5809455587392549,0.03818157099733794,0.0005225111714051035,0.7433173428386651,0.36424406800223075,0.38184480257861475,0.533910037697976,0.3709385168722257,0.5588295652116706,0.33547613008535127
9,0.35071418668329146,0.15188712081843114,0.3171138203188478,0.1358830781948241,0.4785845456703551,0.17590974004760432,0.498582579709223,0.39143393192754,1.0090492991051943e-07,9.236814759802292e-08,0.2532009281472354,6.257895525005546e-08,0.0714137344740055,0.29690889370932755,0.6609346592081599,0.6960662525879917,0.16613803332523797,0.3333333333333333,0.3684210526315789,0.4590595327515451,0.551593002595404,0.757143415331201,9.266898005703728e-09,0.32550467820445983,1.992890373324742e-08,1.0,0.6666007022716405,0.1955730449640205,0.20704072072737,0.4171643566191537,0.6223266342894395,0.497776927126854,0.29441260744985676,0.028433084785251656,0.012279012528019929,0.6554595205888123,0.3426669122945847,0.3692373848242947,0.5428076176946606,0.3540019722175902,0.4724080173136003,0.19301276109036328
10,0.35071418963783585,0.2192213255734966,0.26836607876788254,0.23565735108237462,0.4763696223665061,0.10412618811005736,0.5269219691032525,0.39625301455536643,4.5423320632130344e-08,8.974744651213304e-08,0.24087458512407747,2.9222913392787764e-08,0.029321404881251113,0.06968546637744034,0.29282344532308746,0.306832298136646,0.017546623324420217,0.5,0.7719298245614035,0.9999999999999999,0.9999999999999999,0.90949534191827,1.0079157389240158e-08,0.0,2.9252654986715658e-08,0.27704145900651733,0.5061214729794361,0.3714435686723916,0.30564233187490286,0.1746098860093127,0.6232166736430386,0.896628897594719,0.886103151862464,0.0,0.002481928064174241,0.9999999999999998,0.27085810440046476,0.3017280742444721,0.4927519713509234,0.28409072200970353,0.3735054479317904,0.19687280665250856
11,0.35071418967030343,0.19159705523482629,0.19780767974801317,0.32284638963187484,0.47835499264429654,0.11609011343298187,0.5427282373080873,0.3809980321039438,8.759628971154881e-08,9.838800875199157e-08,0.2359737988695673,5.4586890634053027e-08,0.0546198218459693,0.21122559652928416,0.30941028641016616,0.5084886128364389,0.02264504806471077,0.16666666666666666,1.0,0.6188803728717706,0.5971470468238798,0.8096131196588352,9.333698947666692e-09,0.08326922767433786,3.061119160817269e-08,0.11717509173558245,0.6387080159971308,0.1822620140336481,0.1637339590600872,0.3360992561379254,0.7442620257325192,0.654485630316595,0.48567335243553006,0.005524142186848892,0.0,0.8214131848385343,0.2576531715484274,0.2906992536624995,0.48729236678434695,0.27130456986672336,0.5525765065261194,0.2720610029899509
12,0.350714189702771,0.20545577468435816,0.446692709931213,0.055821396902999865,0.47269572699076273,0.1433412766685321,0.908134365279446,0.26469000609676,1.3044357152537232e-07,2.2102865090607674e-07,0.14196842938854864,7.939035635007733e-08,0.07270392013036175,0.15130151843817788,0.23985207908315986,0.1681159420289855,0.09959756707754248,0.0,0.5263157894736842,0.4109525191189561,0.27709292876630415,0.7945811075573119,8.978091513719338e-09,0.2792535989435686,1.491601905009021e-08,0.24971247056246237,0.7214159582496416,0.11977365138537667,0.12247454572300248,0.5273872600402703,0.5739678294105538,0.4869206013034683,0.3775071633237822,0.030870206338273226,0.03801268771972127,0.6198570043829896,0.2436599641331152,0.2781385852754692,0.48026198321929137,0.2576915646539888,0.49608865157661064,0.24394520793589466
13,0.3507141897352384,0.03425981975101633,0.32046447375473064,0.06263675453111184,0.4659613589874317,0.1473292517761736,0.8281677757946506,0.24751622461681252,1.2925489700871202e-07,2.550626608639341e-07,0.15423880325888414,7.769492805296264e-08,0.04624292584039903,0.08134490238611713,0.3336007713595172,0.3805383022774327,0.11683486291229903,0.0,0.5789473684210527,0.26583205980972724,0.06824769551697026,0.6288270788329398,9.415236381073818e-09,0.5545844791360962,1.812671443741536e-08,0.19979188345473464,0.7872280009564803,0.13947375278759655,0.15922814827716122,0.5196972900341459,0.4888207312495711,0.28301048149031127,0.09527220630372493,0.019172022883769686,0.013454662663681413,0.5013733617410313,0.2386157932367623,0.27200917899650623,0.4747039618406701,0.25183438075894227,0.35761134308453846,0.2032575300303976
14,0.35071418976770596,1.0,1.0,0.0,0.40844749439357747,0.16793378983232135,0.5484028312913845,0.5560701231068655,9.646978095303494e-08,3.76777622857117e-08,0.19947947484545506,5.1917763580216e-08,0.5649276331221493,0.9856290672451193,1.0,0.894824016563147,0.7730151031159056,0.16666666666666666,0.7719298245614035,0.7471041839980239,0.6045479992739055,0.9050912358848122,4.732696151882529e-09,0.21558287651842944,1.0524868319474422e-08,0.19604030888876717,0.549990153945481,0.2025286616322302,0.227333313815438,0.7279673110333489,0.8839982042475814,1.0,1.0,0.1363163321990065,0.14839317267904936,0.5834888426673642,0.28184676975923795,0.313963109106965,0.5082967706449306,0.29592268369425234,0.8587206879228827,0.32727098599561655
15,0.3507148261635826,0.08160007189626495,0.07954291151386828,0.4654041705387415,0.45106910840337916,0.4797934538989299,0.16964492144908855,0.6512591226295802,6.13540175783593e-07,2.3121296044604885e-08,0.4652890281638799,3.520415022963355e-07,0.03541101407807912,0.00027114967462039046,0.0,0.0,0.17948277408946323,0.0,0.07017543859649122,0.01956888946333376,0.13197277492541123,0.03378714045693298,4.896757561079647e-10,0.4221834781472883,2.5017462708530537e-10,0.06555671175858481,0.8790052606408418,0.0031713226098071326,0.002066945482636501,0.04253158506695979,0.0005398840762832475,0.0,0.0,0.4100789639432087,0.1428467546072719,0.0029523484288121746,0.7994906965628759,0.7591331538855863,0.7784723143394556,0.7780811700256258,0.19000653508832613,0.025792176914841067
16,0.3507151409361975,0.08088496354363073,0.1004291510238503,0.41237946056117436,0.4709380072815205,0.08684496264361086,0.259982503690625,0.5383998677236943,1.1394144761846744e-07,4.12618536781377e-08,0.38987083160638003,6.937672806395357e-08,0.05184346092786443,0.02386117136659436,0.29896788535832436,0.15403726708074533,0.11883882045250815,0.0,0.10526315789473684,0.19887673168953907,0.14194469253325054,0.4520432484328862,6.22705536487786e-09,0.4885698604092198,1.1448434411763271e-08,0.38572758639575006,0.7694331016977525,0.15602138921599873,0.16316662157099612,0.38448198409312484,0.36065506433129746,0.24288927736040772,0.15974212034383953,0.04305581410338108,0.1303665372655733,0.40471061612844816,0.2718716002675987,0.3075612668595227,0.5078393075191423,0.2869946192393935,0.3873747237850857,0.165183528765761
17,0.3507157773970091,0.0,0.04727303367661595,0.44530825158813747,0.2950955601340627,0.20520919461458834,0.3840316325289122,0.40400543422279067,5.199674682048369e-07,8.572665315193129e-08,0.19516768440353635,2.1435628707164268e-07,0.02696524466778189,0.0021691973969631237,0.0,0.0,0.016159280108682287,0.16666666666666666,0.10526315789473684,0.007876209815035659,0.06308693939651679,0.05787854938013184,9.815928986537394e-10,0.5374547876330354,3.9070105981411915e-10,0.01180239881702174,0.7965088474414161,0.012873060149527216,0.012942168645182696,0.01899468463794754,0.011770492225046456,0.0014757487978262704,0.0002578796561604584,0.11880504222181001,0.3822989774290739,0.009175484937500953,0.4080386594333749,0.39190639487012735,0.4950303399970801,0.39825490660523544,0.524693301687058,0.5383730499750232
18,0.3507161052215675,0.24018973983823233,0.0,0.9999999999999999,0.23479476071559602,0.2020830034064797,0.41741537106260057,0.46665631587757245,4.984661389538608e-07,6.023592842253177e-08,0.14727284324575854,1.7418351271158684e-07,0.03212819831855065,0.0021691973969631237,0.0,0.0,0.07472918978749042,0.0,0.19298245614035087,0.02924455055874347,0.016144928370059076,0.076963008858449,8.122498293423954e-10,0.47008473238299053,4.472654742899409e-10,0.04846924804206145,0.8226327116212342,0.00641479761509272,0.011895523511376425,0.05440632601484902,0.013055845108992775,0.005256635512559841,0.004719299856733525,0.2971167860831633,0.41619891453539704,0.0113970228525698,0.44066317283460377,0.4711949339806045,0.6405728558652468,0.4541751712250943,0.43484285482111007,0.0
19,0.3507164591500125,0.18219298984929377,0.10253266731270749,0.522459353788496,0.3840982397261236,0.3938801807304112,0.22907982913062208,0.6197103986318033,4.7289384911058124e-07,2.7210580469064406e-08,0.34754184183586395,2.3872470491179214e-07,0.04442527282087244,0.0016268980477223429,0.0,0.0,0.43197651026124795,0.16666666666666666,0.07017543859649122,0.04071251597034709,0.024275728222614385,0.07440092435989751,8.662295527909668e-10,0.48716347313725505,1.000175160554717e-09,0.07511364258721726,0.9963334925633671,0.013109727828175294,0.01337193739991352,0.08725784375677062,0.014860893781252304,0.004176072173560962,0.0016777158309455587,0.24174520388904347,0.20908922588292175,0.013737055856891913,0.8779988553590883,0.8869189224915681,0.9397646321097506,0.882654732566289,0.13632548528526572,9.03417488837608e-05
20,0.35071646242923205,0.07913133117055471,0.04440925968332943,0.5645830594083047,0.5107247036422136,0.15749616006544057,0.3847572882144346,0.43401025365118406,4.5488795096727763e-07,7.214230939075379e-08,0.3279183259411612,2.897665004964964e-07,0.0027014662899776365,0.0005422993492407809,0.0,0.0,0.05054046462871161,0.0,0.08771929824561403,0.0020819907869478738,0.0,0.026368817366355754,3.9046548969835646e-10,0.3816636193194548,1.422197223972304e-10,0.031162714277890354,0.7882592061214735,0.11977365138537667,0.12247454572300248,0.03222765135047773,0.0,0.0012012546236227894,0.0002578796561604584,0.07890363017522185,0.4537090254074135,0.0029612736951126345,0.8653780376091782,0.850096138461919,0.861861306983088,0.8576754374912561,0.0109715691639806,0.0
21,0.9999996591234983,0.12114151901297843,0.17645190091281016,0.29931009666538166,0.0,0.006668788498933348,0.5252480659205525,0.3692340181239646,8.026775408530733e-07,1.0579525353664816e-07,0.0,8.810230306525206e-08,0.6610084748951317,0.03958785249457701,0.0,0.0,0.007820325761472933,0.0,0.17543859649122806,0.0,0.04264753785533602,0.005939123979213066,8.98316654572584e-11,0.6341984980552285,8.782769110982274e-11,0.055808094638260586,0.8460066953610716,0.008618826252729868,0.012240436230979652,0.0035459144597464673,0.021492263206711264,0.002277174900872673,6.44699140401146e-05,0.008964440097223345,0.5948252722616696,0.011121258022333103,0.8342573397713302,0.6704673364990974,0.37398388531677984,0.756088759871596,0.2581482850375187,0.19121420832637445
22,0.3506849916287813,0.23862229927356593,0.12266512910752159,0.5299116522733613,0.3317027178552748,0.28340241912806996,0.20800323989497654,0.6735028665423577,3.116392909662443e-08,2.0576936919613118e-08,0.3212824579462372,1.3708503655777112e-08,0.0,0.0,0.0,0.0,0.07866179260489718,0.0,0.3333333333333333,0.15160382470764308,0.19942521718985937,0.1294048037688877,1.3810839145253647e-09,0.3702135631897788,1.2029588893287036e-09,0.01632071854975628,0.661764705882353,0.5318717506928388,0.4942290335286138,0.21417119416667588,0.0662221652924408,0.02682877488838102,0.018686253190816654,0.10920791350801189,0.44121888006135684,0.0535695507309549,0.7842621418714488,0.797670350060077,0.9006970477678662,0.7883800433081589,0.8548215656557112,0.34633461254913084
23,0.35071647210455326,0.10557546658233508,0.08313330081092596,0.48517578102428394,0.3953730589687557,0.2959519035999243,0.3124483418376655,0.46343679393928516,1.409584009906995e-07,6.129939986102717e-08,0.2964473494516337,7.333670237597707e-08,0.10119520424630275,0.018438177874186553,0.03246061353082643,0.00041407867494824016,0.04744808121742515,0.3333333333333333,0.14035087719298245,0.046866026242434126,0.0,0.08523536011521007,1.3542850589794854e-09,0.6921528274623904,1.5951435778263544e-09,0.03494167259981379,0.8441734417344178,0.16384623204638915,0.15583520958848193,0.05851435025016188,0.046429722274194736,0.031804911213416505,0.015905584957684977,0.1690867529131337,0.36477782408392995,0.048737959416430714,0.9288092869808042,0.9153119089580288,0.9179129878683234,0.9237826932025373,0.3939167927930192,0.10293971822548137
24,0.3507157903515501,0.5696958639311224,0.2578956168077069,0.495757794279323,0.34898148713524857,0.08857129475661207,0.5789616868981706,0.039533591231271696,7.517775180849152e-06,1.0591796757787616e-05,0.16186846901090507,3.52070653035038e-06,1.0,0.11578091106290672,0.30777040165535985,0.028157349896480333,0.03694757165948519,0.0,0.19298245614035087,0.032261067024857336,0.11891767313562687,0.08627359043488453,9.928370975183793e-08,0.5161035825688952,2.4864834494187286e-08,0.07199189440823703,0.7745098039215692,0.47242412572676934,0.413333845010849,0.069597074573892,0.010625621763764572,0.01125115297385428,0.008665223288085293,0.13948465187943004,0.8751426493400187,0.009695108168553696,0.8593863646192785,0.7694599279333998,0.7006250051055876,0.8141798077843516,0.6437587027001664,1.0
25,0.35071481954020833,0.8317014122243805,0.2411070916174075,0.7244074539794768,0.2915705147849135,0.1970846725091828,0.508615080299371,0.48968941728639,5.139954946454293e-08,5.3229153241439005e-08,0.1522825724160459,2.00722512391329e-08,0.3410094082445461,0.021420824295010847,0.0,0.0,0.4232477662352337,0.0,0.2807017543859649,0.07880365686355673,0.12165621931395283,0.048104671478250184,3.001108492745144e-10,0.49988822799819543,2.1330386126296834e-10,0.04584040747028862,0.8368404272278023,0.41808762533197363,0.38508196580702214,0.08351238220508286,0.04859769279906372,0.009975810845282027,0.006049662884722335,0.31824489112331983,0.9100010168708698,0.014288445186577198,0.7893416966634113,0.743783643927812,0.763870060244284,0.7660143565346171,0.3909133015918094,0.0010531079018846364
26,0.3507167513901679,0.13891289230766568,0.10032099303942987,0.4790285415943807,0.660171092864207,0.9058099170808065,0.0301661677088797,0.9657343273343166,3.7128079982003884e-08,1.7661482981562972e-09,1.0,3.4282901488741645e-08,0.06328278250404648,0.00027114967462039046,0.0,0.0,0.43123778536914864,0.0,0.10526315789473684,0.013650005758422339,0.0632103352894725,0.026647911538311253,3.865715204894891e-10,0.28856243476990573,2.4394491471428227e-10,0.043074648118735966,0.9752510760401718,0.5761675346172688,0.5079658496775273,0.061936799553439136,0.004059196296790569,0.005352728005616866,0.003410908607445539,0.5452293727560736,0.01615913453131382,0.008355848172395885,0.8998402669855623,0.8984768975507391,0.9171781682724438,0.8995838856046285,0.2890771957599583,0.0006147620630234751
27,0.3507151344751609,0.669305041464518,0.23529047407298653,0.6194179990515674,0.09485567509053805,0.08022666074767962,0.7902496374433745,0.03997865408610545,6.181075122964989e-06,1.0357178420884915e-05,0.02111909593663882,1.3101897506311832e-06,0.14011270398669035,0.13286334056399132,0.31170868042248573,0.3610766045548654,0.1522747133837379,0.0,0.3508771929824561,0.19825155159563104,0.15737645698702957,0.1920558634894586,1.2670106818267697e-07,0.6731990937720046,2.2614387267423902e-07,0.08250725669532832,0.7891758329348002,0.20747464230481283,0.257040282954795,0.25637711556019566,0.22971179247549303,0.18757870152752384,0.09332646274268953,0.09936969899416287,0.8388120222309466,0.1325124781068,0.2441435440397801,0.28903360594392824,0.510368580685622,0.2645489686175746,0.8072106733491019,0.4640505763948374
28,0.3409745764273251,0.23277451769761937,0.04353503167420325,0.7844115006927334,0.9843969309870884,1.0,0.39747974403214875,0.45445783712525323,6.53680408426929e-08,6.438565789151475e-08,0.6070707349332175,8.321366107110975e-08,0.061190041264965196,0.022505422993492407,0.2056434930054083,0.014492753623188406,0.09550720197811279,0.0,0.08771929824561403,0.03165321875628258,0.0,0.027758706342694152,3.3687997755027493e-10,0.4355233493663281,2.24974952326606e-10,0.04416999835697464,0.9835007173601149,0.3388493169447844,0.38468649267699073,0.07317145508903083,0.0056171147353489825,0.0022877077443740736,0.0013798175725579821,0.45249377028435156,0.02002377511728948,0.008446754000537432,0.39780597381254745,0.45368568385254804,0.6709112968885247,0.42375262276381154,0.41290266141039816,0.12222241385187955
29,0.35068560208310884,0.2530101780427627,0.15873963500060406,0.4553206872590153,0.35866537519055197,0.2810059091805768,0.10859625029282854,0.10318630576546121,2.308809924588712e-06,1.5431382740346056e-06,0.45207581203944497,1.103879812458362e-06,0.18315025395762632,0.01193058568329718,0.0,0.0,0.06241993321037122,0.0,0.19298245614035087,0.03497184667498859,0.10894188976430869,0.02950583585913559,3.293668793420072e-08,0.7012091178122054,3.2263667852896334e-08,0.038556328386001426,0.813008130081301,0.7605986792978202,0.5893398724890385,0.06800244703831851,0.010028200668284054,0.0011921350705062159,0.00018031131221023087,0.10880421245658846,0.6184363691704525,0.007985115907469073,1.0000000000000004,1.0,1.0,1.0,0.7870429903223154,0.0007247453991849589
30,1.0,0.2378103228747317,0.13955442949898533,0.485884251077227,0.08410434224597996,0.04279003136483708,0.14560784070434685,0.7759637775955286,5.61346661574108e-08,1.1543965428028614e-08,0.13719055978265557,6.753135259264246e-09,0.0,0.0,0.0,0.0,0.042122768445851666,0.0,0.03508771929824561,0.01478376692417991,0.037773277700593424,0.0015908367801463555,0.0,0.362598720035577,0.0,0.04556656991072895,0.7910090865614541,0.2933950715984305,0.29175731952443706,0.0,0.03886248285577026,0.0021304797870705483,0.000105755200502104,0.0628044228367071,0.6754681705887657,0.015880119198019516,0.8627556977901079,0.7480059984274172,0.5395061810036665,0.8082077178552955,0.0,0.0
31,0.3507141539884979,0.13409740618278865,0.03426312532558207,0.6787006252392849,0.2572423205282467,0.08326765961644864,0.2511886279163427,0.004588850476363526,0.0007064002921108469,0.0007744378216879513,0.231451625807751,0.0002656306562944821,0.04509542197051815,0.0,0.0,0.0,0.04428575618988614,0.0,0.22807017543859648,0.01759336894429983,0.19327704581938482,0.05550066703507097,1.3574073009701445e-05,0.3616538124908949,2.8971234649202083e-06,0.043512788214031435,0.9312529890004784,0.35036663627906744,0.3330733918025047,0.046359024850628865,0.002866095961329361,0.0010355539087580632,0.0006741278181250371,0.05921988519357659,0.5643030999009139,0.004066305062946754,0.0,0.008985147806629179,0.20829237495322328,0.0,0.4380206103253403,0.010340220009870343
32,0.0,0.7728042796505427,0.2676923914191819,0.614460265364618,0.5050723150348155,0.20010324817107675,0.6978544914042919,0.031587646257522445,1.2005490379857505e-05,7.26890682946036e-08,0.19944150954742437,7.5102323820048235e-06,0.08374750108969745,0.01193058568329718,0.0799328477149564,0.043478260869565216,0.31039381649547093,0.5,0.21052631578947367,0.2837077721041801,0.49628212341643974,0.4529419316665829,5.510033620911826e-07,0.7906233101776033,6.327345289757717e-07,0.0825346404512843,0.7499442053244063,0.312380444611849,0.323841911118419,0.28354361704383685,0.4845436924858219,0.3605499301077564,0.10550096108886647,0.2985227927297007,0.3048110734111299,0.0,0.8221001633837628,0.7810187090162293,0.7677145398975238,0.8022688901992279,0.8141990739055476,0.34156314864992876
33,0.3507141994105596,0.5084327881109497,0.25985649571707325,0.448974302794236,0.6318123970248857,0.9328446664195816,0.9069628742193734,0.0211799169866483,1.2784531920711995e-05,1.4983544013749473e-07,0.19651699459737346,9.629572399702353e-06,0.06247835510757867,0.008405639913232104,0.00548949537329208,0.0,0.22904774940589734,0.8333333333333333,0.2807017543859649,0.07086844199325903,0.010707389363059261,0.08029539327159771,1.6839521082763284e-07,0.8701511757617794,1.2174585141969215e-07,0.05205652007229311,0.7616770285349916,0.3925123612041268,0.39822407569789997,0.13164646268576694,0.0014267283373606194,0.00012370420148347832,0.0005012787344099764,1.0,0.11776375858178278,0.0,0.8221001633837628,0.7810187090162293,0.7677145398975238,0.8022688901992279,0.7728660881459355,0.5114368776123969
34,0.3506826735776609,0.1849772501184037,0.0852576939433769,0.5753428255681643,0.19092053947846194,0.05204503172610389,0.32719019205098127,0.517708262732895,5.658268731775888e-08,4.593404116444337e-08,0.14911828329022866,1.4750145935968195e-08,0.0,0.0,0.0,0.0,0.02264416962939115,0.16666666666666666,0.14035087719298245,0.012869273387756938,0.08653360552697308,0.04970109014183565,5.743207498505033e-10,0.4971683764774245,1.538093181795291e-10,0.04061011008269894,0.9761677028534994,0.28776601281252234,0.31913747085659006,0.03260215339697415,0.010409037637872192,0.004061864219843041,0.001937954916979184,0.029161092514123136,0.6864094894624791,0.0,0.8221001633837628,0.7810187090162293,0.7677145398975238,0.8022688901992279,0.3898304909835112,0.028643507366780716
35,0.3506833131553546,0.13719856121895524,0.25162701592039227,0.20037674514804105,0.15214093525478523,0.1264773218856341,0.5010676965049081,0.04736825773984636,4.1010919936551966e-06,9.557201557426537e-08,0.08144488254731547,1.1051375476185333e-06,0.0750018615583944,0.028741865509761388,0.06891317174234332,0.0422360248447205,0.29168469614821274,0.0,0.10526315789473684,0.07326672792153552,0.09794722463327848,0.16118804807118015,1.4605844991206955e-07,0.5879563903023944,5.081294735826721e-08,0.058026178870693904,0.8831300813008129,0.31700325782850985,0.31352109481342516,0.10412344369161494,0.08686087731284921,0.06485267843411432,0.07619576375995894,0.059843534124348806,0.36607151075166733,0.0,0.8221001633837628,0.7810187090162293,0.7677145398975238,0.8022688901992279,0.2846292505525637,0.13678897391804812
36,6.49350417880612e-09,0.15313139496554506,0.15015084435036619,0.3786993024774781,0.16108103611353541,0.1418947265934026,0.3073802331112598,0.008133226920730803,0.00018438088941210177,4.464234465292549e-08,0.1354434159911816,5.149436339931878e-05,0.05173732243598503,0.03497830802603037,0.2099631904491614,0.09233954451345755,0.24915332964891204,0.16666666666666666,0.07017543859649122,0.18639677419175882,0.48589978024889297,0.45570496396894233,2.3551978499691475e-05,0.6933563802879307,1.8095075985852263e-05,0.08078208007010242,0.7261119081779055,0.46688724327009273,0.504507458855697,0.20590302362633509,0.5330989141442656,0.24494369188272727,0.08750875651171533,0.09697485468379514,0.10543884631566636,0.0,0.8221001633837628,0.7810187090162293,0.7677145398975238,0.8022688901992279,0.37792633585764585,0.1632591463622009
37,0.35071514424788464,0.3608337371922704,0.34647485713103887,0.2243576543343771,0.31843065026798045,0.09869206860509305,0.20629678273252233,0.0,5.87315150839249e-08,1.518121560267716e-08,0.31136288703200415,2.5128795125842e-08,0.08919713263063012,0.08378524945770065,0.09650328609383464,0.18219461697722567,0.05836032658320004,0.0,0.2982456140350877,0.17746626055386397,0.21357766520547417,0.35903790657043494,1.0,0.7215845359260277,1.0,0.21649597458787445,0.7891758329348002,0.22486669127188158,0.19078670449967527,0.2023831926185628,0.2636649522444173,0.20694399613712172,0.13851866584764633,0.044651220420742044,0.5297602613717366,0.0,0.8221001633837628,0.7810187090162293,0.7677145398975238,0.8022688901992279,0.7399395031076312,0.4852833972009929
38,0.35068363445394124,0.10689982600303771,0.19505697439758052,0.2564927224461171,0.028952527848930765,0.0023388830981639075,0.5742165543601396,0.30877670825968884,3.91449954970677e-08,1.2460464360911778e-07,0.010362896039855372,2.0865867920928595e-10,0.1308738810401131,0.008676789587852495,0.0,0.0,0.0,0.0,0.15789473684210525,0.027492412497630493,0.06275647310726952,0.06965074155321488,1.1990884625814984e-09,0.5613294515212234,3.7411558199338193e-10,0.032750972123336435,0.7923840267814446,0.43525781500747296,0.30217193301281886,0.038029262576782984,0.02877824917952791,0.012488005467096934,0.005226854484070231,0.003372360852220119,0.6085198187537495,0.0,0.8221001633837628,0.7810187090162293,0.7677145398975238,0.8022688901992279,0.2864849570816251,0.174855669564616
39,0.35068462474579554,0.023857600786792887,0.07483845675206191,0.4055841461133133,0.35185689004438425,0.14466572786589205,0.0,1.0,0.0,0.0,0.6528999876591953,0.0,0.02155219245013155,0.0010845986984815619,0.0,0.0,0.03338753579482264,0.16666666666666666,0.12280701754385964,0.020435274980611026,0.007572414382220222,0.08359428638411173,1.3728360121120692e-09,0.3449178323906744,4.3270119634265074e-10,0.03255928583164466,0.8528813964610238,0.5896918297001172,0.6381253545921912,0.03320856298651921,0.028432589766498772,0.01423122648704615,0.009594570063863508,0.022640127666462697,0.44350489228428897,0.0,0.8221001633837628,0.7810187090162293,0.7677145398975238,0.8022688901992279,0.4217797384690941,0.42575257156611546
40,0.35071578379311075,0.03287165339598874,0.0026073056163306574,0.640086355213167,0.3766946458666909,0.18127686629994907,0.4202462994832749,0.001692606350696523,2.643403066779575e-08,9.050773563175101e-08,0.22941660914367037,1.3541354967931105e-08,0.042965644628643905,0.01735357917570499,0.011092332175189283,0.015320910973084885,0.009185906784423954,0.0,0.21052631578947367,0.08390631928418268,0.06960593495347565,0.09293835926118191,8.369796188352134e-05,0.5096819167848406,0.00013018222063792984,0.05676652609671942,0.8295074127211863,0.5448108998087143,0.4500930238149069,0.06975677372518266,0.10175835042577083,0.07768824578912017,0.05678735757147327,0.035541010670583975,0.3720637475648845,0.0,0.8221001633837628,0.7810187090162293,0.7677145398975238,0.8022688901992279,0.3517562963625356,0.0013056692378825099
41,0.35071610853325463,0.39893044131726385,0.10690695767037517,0.7529555133843145,0.4393189572540916,0.398148925447837,0.6924400888973099,0.06643283218588258,5.293225038300599e-08,1.0797235242071941e-07,0.17340514212198302,3.109535148993332e-08,0.05043756151251735,0.004067245119305857,0.0,0.0,0.060394952535442664,0.16666666666666666,0.07017543859649122,0.043052497347796766,0.08178459788513827,0.04018956076159217,1.4772713935578791e-08,0.5119941611294742,1.2009261465988179e-08,0.049126458185004655,0.8680057388809186,0.26523302867399784,0.28030307210119887,0.09076805802042354,0.008190366669114735,0.0020331400108046034,0.0001289398239273853,0.5952928481920221,0.3196138508458308,0.0,0.8221001633837628,0.7810187090162293,0.7677145398975238,0.8022688901992279,0.35049911862857547,0.2796225835806226
42,0.3506826670192218,0.581800061449219,0.5757701741692175,0.11059671078117483,0.19558387378817732,0.17843103648833392,0.36886949341683467,0.15553068432118772,4.715705567285487e-08,2.9063541388846787e-08,0.13833087931668678,1.21355909261827e-08,0.08822964143927392,0.0037960954446854666,0.0,0.0,0.19722696291529637,0.0,0.2807017543859649,0.06285398379527268,0.4145518860253784,0.11379227578969695,1.4344452617620988e-08,0.611365085151972,5.206984569328768e-09,0.05030395969111123,0.8526064084170255,0.3227890080531739,0.2940608654909551,0.08826175471570619,0.023125041723290347,0.004522999629726594,0.000998832658734765,0.15159450346045392,0.9335310044657125,0.0,0.8221001633837628,0.7810187090162293,0.7677145398975238,0.8022688901992279,0.35978878956394333,0.12661435566757262
43,0.35071515083879135,0.3677441560523237,0.25008175283969103,0.36754897957265265,0.24916178926812932,0.06518715442460873,0.6220133740733118,0.014034212168530858,7.069154655665799e-08,9.416194584806662e-08,0.1060452247591146,2.4251940201183486e-08,0.3017085034937128,0.08459869848156182,0.0602232107020706,0.05507246376811594,0.11974309489160777,0.0,0.14035087719298245,0.0749120303689273,0.09578156236548141,0.18550273233194342,1.4065098266498745e-06,0.5225409968120277,9.047847993384055e-07,0.05693082863245523,0.7882592061214735,0.2682983377183356,0.2920658369724244,0.09637204920536149,0.08877750136902274,0.10086255564116406,0.06489535865219738,0.07056323981404415,0.6854887580877649,0.0,0.8221001633837628,0.7810187090162293,0.7677145398975238,0.8022688901992279,0.4844281888322586,0.16979492133320342
44,0.35720767108539087,0.4730293662379286,0.2323548655337615,0.4789384082236956,0.45427565700938993,0.4070465807101429,0.4139264711625012,0.4973709077153128,6.671240659114553e-09,4.1484633323775164e-08,0.2779124972709988,5.5822396743218325e-09,0.17183851648623635,0.007049891540130152,0.0,0.0,0.2836255720263896,0.6666666666666666,0.14035087719298245,0.08407705940756091,0.12220870109999225,0.04339914373908044,3.8029207679571386e-10,0.6059068545115148,8.256437317986046e-10,0.04310203187469193,0.7827594452415114,1.0000000000000002,0.6963603663077066,0.15896506289222237,0.02078422875045607,0.013199611433588668,0.006389117443775525,0.4282295842544056,0.2998333321181547,0.0,0.8221001633837628,0.7810187090162293,0.7677145398975238,0.8022688901992279,0.3576542225185807,0.044144108116823545
45,0.3507161150592262,0.2821305916749379,0.22127492234702428,0.35436461057733437,0.9933896245830953,0.5066095175452128,0.6510223495249434,4.858456715392696e-05,1.3410444759075752e-07,1.1428861000635439e-07,0.4261874125129886,1.6070883745485058e-07,0.056705387909585576,0.008947939262472886,0.0,0.0,0.10907798056680786,0.8333333333333333,0.10526315789473684,0.15381211532883352,0.12180162644073994,0.12653013379774602,0.02200920927404378,0.553803540841815,0.011101582305632868,0.0788926009091407,0.6887135341941659,0.10470140512687089,0.1107991313212893,0.10365172667818354,0.04386737735570524,0.03164030138999456,0.016486939403281695,0.44556892000781567,0.1916229242973601,0.0,0.8221001633837628,0.7810187090162293,0.7677145398975238,0.8022688901992279,0.4399723017831317,0.15442092619315542
46,0.9999996493832422,0.3154214373270152,0.34208771192996645,0.2040316858620405,0.15319412161110385,0.1665085460823566,0.400048626757546,0.3678647566615103,1.3933531302682982e-08,4.975014792124114e-08,0.10349567516696095,3.840856870285039e-10,0.056532009511297616,0.022234273318872018,0.01079856244621228,0.016977225672877846,0.2393276261470166,0.0,0.19298245614035087,0.12271134542723924,0.3230483723036392,0.12148969305222967,2.3170001515886907e-09,0.4079209325022649,3.5884318221667885e-09,0.042472205487704695,0.9798342101068072,0.47558919723968524,0.6212268511046718,0.1954745127063505,0.18503340027089332,0.0710289095403712,0.05496828198021935,0.13441952917322852,0.45326693412889973,0.0,0.8221001633837628,0.7810187090162293,0.7677145398975238,0.8022688901992279,0.4711141574287354,0.08854864765067898
47,0.3376628664410324,0.38077298842636653,0.15502130078725862,0.5854939202803155,0.32418156702839984,0.12328729981018507,0.3614636662193657,0.0010775560372168673,9.824933001012637e-08,3.8008879906541595e-08,0.22297309844080507,4.3088160437695e-08,0.11281556572969974,0.03253796095444685,0.10985292063927801,0.02194616977225673,0.045452169546872784,0.0,0.2982456140350877,0.05166008130408579,0.17271533950836768,0.10447053044638321,0.0002659982340254972,0.5307774409098392,0.00011925803937882616,0.054521058108330134,0.9303363621871512,0.16303050174763978,0.21522652692929564,0.0741187601006025,0.04213495999847072,0.018334112665809768,0.008407403253404225,0.13701843473864211,0.7266012201833828,0.0,0.8221001633837628,0.7810187090162293,0.7677145398975238,0.8022688901992279,0.3847667756758778,0.5825327340624709
48,0.003246774749739334,0.572894929562228,0.5420270458159381,0.13241677382712636,0.28069402451590947,0.17921662522163428,0.3197082179459006,0.11383351440066007,3.8265548070816436e-08,2.263263447707178e-08,0.21336374968872443,1.4075161195113128e-08,0.04340269062428224,0.0005422993492407809,0.0,0.0,0.5077275322612598,0.0,0.0,0.06567684119356174,0.08699659326813593,0.08746811349085407,2.5198081638399214e-08,0.4226336988009308,6.5513383677128955e-09,0.08080946382605839,0.7387613582018175,0.543494081042294,0.6341390216034657,0.1084152357950767,0.0454845631997013,0.018052067605189973,0.0056461599519012666,0.04264616970640203,0.6439273359609455,0.0,0.8221001633837628,0.7810187090162293,0.7677145398975238,0.8022688901992279,0.7052170026381912,0.0018524754828728592
49,0.35068234559076505,0.1298865978882625,0.2030766616030505,0.26312540190155564,0.17750861290508985,0.10559329780963847,0.3784848163053152,0.03695810992302693,8.173694475866378e-08,6.353042355418283e-08,0.12411018982526376,2.119867469101272e-08,0.07726666241461186,0.014642082429501085,0.03368846890294483,0.015320910973084885,0.08252523423759228,0.0,0.08771929824561403,0.034042064433371134,0.07905551529420692,0.14286830662402106,3.0511584592285826e-07,0.5731241209907244,6.701803572417716e-08,0.0,0.8826717678941491,0.19517033932856226,0.19078322803779887,0.075517878110961,0.026560505527585196,0.006781863763460766,0.0035981708718326065,0.09318073152750381,0.4921494680139332,0.0,0.8221001633837628,0.7810187090162293,0.7677145398975238,0.8022688901992279,0.34581759588051925,0.1283935393505239
50,0.3506833230254811,0.3823041962099818,0.5228752845533747,0.07594994591247317,0.31724498344739055,0.1714316681175856,0.6992052385986514,0.00324345348209191,3.993457597094554e-08,1.1209140138544944e-07,0.12107124332881783,1.6835523966290358e-08,0.09733356492584061,0.016811279826464208,0.0,0.0,0.22265511540640004,0.0,0.05263157894736842,0.08013282487043244,0.09449177452087221,0.07155416380595139,9.443413479912218e-06,0.4087546744534548,5.058887352482037e-06,0.05876554028150501,0.9436274509803921,0.35135291549186437,0.3698439832104202,0.11256867960322745,0.0736445904322619,0.025436999558707353,0.020095570658613258,0.1394248704162662,0.5734957458680653,0.0,0.8221001633837628,0.7810187090162293,0.7677145398975238,0.8022688901992279,0.3535176842723621,0.24892033879321113
51,0.34097456019356454,0.27291604995120833,0.09052131720008971,0.6638830488895767,0.42313914332207186,0.4292451118062699,0.4336619231667082,0.34011106539901786,4.2981713411205775e-08,6.055970665438373e-08,0.2505024542342652,2.455473532782338e-08,0.06312335606240292,0.004880694143167028,0.0,0.0,0.20836650544858365,0.16666666666666666,0.05263157894736842,0.03996339890835426,0.03594121643193071,0.076963008858449,1.603869981643772e-09,0.47008473238299053,8.644901816890687e-10,0.04846924804206145,0.8226327116212342,0.5208900225324546,0.4742218100226535,0.07956710677065162,0.01784502547433172,0.008703823923494485,0.004443507647302761,0.517676363009825,0.24661899841739152,0.0,0.8221001633837628,0.7810187090162293,0.7677145398975238,0.8022688901992279,0.4489330580998444,0.22929711611818282
52,0.35068396916161393,0.6493988022669112,0.21523400844149876,0.6559504190596345,0.5055316693815248,0.3230472193674454,0.6460297884283543,0.0014627845735206912,2.7882130867039954e-08,7.18622871525354e-08,0.2143849018274178,2.0076664419180618e-08,0.06540004300639443,0.0,0.0,0.0,0.03443326332357153,0.0,0.19298245614035087,0.060542430759982314,0.011643760302769795,0.030739432099178905,2.6715632492814553e-05,0.5806055654327359,6.242327401532461e-06,0.043677090749767236,0.9175035868005741,0.5908027348067869,0.6376963868530592,0.06223164352718307,0.05472427314956379,0.006174796217863981,0.000644065736209519,0.407784279698051,0.7536364361861764,0.0,0.8221001633837628,0.7810187090162293,0.7677145398975238,0.8022688901992279,0.07472926086170374,0.0
53,0.35068268003869774,0.733260320688735,0.22992705207175046,0.6814731635544947,0.3611756808623482,0.21402203786049948,0.41815456266327306,0.017979704078809233,4.9110311655489745e-08,2.996554729262278e-08,0.22119764169155817,2.3761331634762156e-08,0.0650554049343107,0.03768980477223428,0.11089454127189528,0.22111801242236026,0.0904241071117912,0.5,0.12280701754385964,0.1639455887967122,0.2622365589598705,0.1399266540516101,1.1198536832483076e-06,0.21697179256105836,1.1900326213105374e-06,0.028314803658469796,0.8728180296508847,0.2631763502556755,0.28729438644210403,0.2543702890608284,0.13019707895377441,0.08085016056494063,0.0586902736574285,0.2592238032227366,0.7762717115915606,0.0,0.8221001633837628,0.7810187090162293,0.7677145398975238,0.8022688901992279,0.3486411642529316,0.3556222206515844
54,0.3506849689015168,0.5120962458326491,0.36885243363739095,0.2786949992793203,0.21349270192483039,0.11036836329233574,0.437538457260692,0.14072296462633815,3.56465732274791e-08,4.320282192058174e-08,0.12919160244237973,9.46962617930409e-09,0.0,0.0,0.0,0.0,0.02570975381905327,0.0,0.2631578947368421,0.052002068763720065,0.05744844942000193,0.05588581699236956,7.777227163160862e-09,0.6366515521516188,1.8230554964945642e-09,0.04729174653595487,0.708512673362028,0.873950740397699,0.9999999999999999,0.09614775795488123,0.008108746647003909,0.0013989145546653122,0.0009490345828881496,0.22605243138225642,0.8125798042006896,0.0,0.8221001633837628,0.7810187090162293,0.7677145398975238,0.8022688901992279,0.1964560884697579,0.0010321526547206485
55,0.35071644937728874,0.278539465070198,0.04513374342026921,0.8421611959382308,0.5993241721444138,0.3936945514404253,0.16069524568659532,0.0015446575977053538,1.5473244484737174e-08,1.2078129299637917e-08,0.6162228147569468,1.5374796736964382e-08,0.047537930220804075,0.06263557483731019,0.022024740246475168,0.022774327122153208,0.044126824858263775,0.16666666666666666,0.42105263157894735,0.34905242207993836,0.25868421412273734,0.615447304229393,0.00151616445222497,0.2165590298791361,0.0016986657056104546,0.16342625554521056,0.0,0.5287140893037414,0.5841003533980541,0.45687378748647434,0.3815821105681129,0.3283647461784636,0.17000808600562964,0.18717348973580705,0.013271487553137356,0.0,0.8221001633837628,0.7810187090162293,0.7677145398975238,0.8022688901992279,1.0,0.5840460971891909
56,0.35068399497329317,0.5263979497819243,0.1620741525053856,0.7022556906315429,0.5064235269410378,0.2552576338916427,0.38932496934202526,0.08696430112438873,3.9992627547359907e-08,3.4614242146143345e-08,0.322572794719645,2.77066698627182e-08,0.02921967311038704,0.0008134490238611714,0.0,0.0,0.036430876256441,0.0,0.3333333333333333,0.03782367890736749,0.10500930391407402,0.05804600588330514,2.457578570118719e-08,0.5613924453575357,4.303537187679646e-09,0.05747850375157457,0.6736808544556039,0.34409985115914093,0.34497976423365295,0.058359387800485725,0.004945699748236023,0.0004144457508503812,0.0,0.23730302133760053,0.762670584482752,0.0,0.8221001633837628,0.7810187090162293,0.7677145398975238,0.8022688901992279,0.5164883636457522,0.07366632519807237
57,0.3507141704495311,0.35810704278410943,0.34968902646060407,0.2190653216596571,0.2763145134959406,0.12295399429060763,0.5634667696578095,0.10319481128132746,6.167348152293683e-08,8.113364600197687e-08,0.13087474422798698,2.3083034685875942e-08,0.1653382192373505,0.04013015184381779,0.006716166848346595,0.0,0.9450914098105401,0.3333333333333333,0.22807017543859648,0.17846356567417498,0.037546014787950416,0.27344530591512184,4.294555088462526e-08,1.0,2.6665232915994785e-08,0.1954378662577359,0.7972945275671244,0.22727758551398547,0.27475273357613494,0.3235988790368691,0.25238229051075006,0.12462270933608913,0.02174053805152521,0.0812649148681302,0.40287859432618905,0.0,0.8221001633837628,0.7810187090162293,0.7677145398975238,0.8022688901992279,0.8290357795870543,0.6396785405652591
58,0.3506839916940734,0.09953298129171817,0.05774295807226204,0.550647680632599,0.3461782050938082,0.3380523856980796,0.4653889266960964,0.009728072077568175,2.4370147563471734e-08,9.17070884539385e-08,0.19478970404441256,1.1247302069758077e-08,0.15822914025900195,0.0010845986984815619,0.005400053584393152,0.0008281573498964803,0.009236860081667408,0.0,0.07017543859649122,0.035336756261930176,0.05935752296486955,0.0,3.2815634376311614e-07,0.5006663871526394,2.927432806063216e-08,0.04008981871953557,1.0000000000000002,0.3304530943454796,0.5360903693279067,0.02301682160675212,0.027026297413355504,0.01107654522452236,0.000864970223048361,0.2613856707393833,0.35124382698969486,0.0,0.8221001633837628,0.7810187090162293,0.7677145398975238,0.8022688901992279,0.2127537338331367,0.01576196043847319
59,0.35071577749441185,0.7413506560663051,0.48066665893973093,0.2537134501460254,0.26970336139674,0.1369738389554669,1.0,0.07499431106174158,4.004047281710539e-08,1.4114943770583506e-07,0.06311712144708209,1.4153835820421582e-08,0.3345745307398192,0.0824295010845987,0.12828009323925826,0.049689440993788817,0.08703303542199224,0.16666666666666666,0.3157894736842105,0.15460369509558605,0.1185943282745479,0.17282627504172457,2.2589866816105534e-08,0.4576516547908641,1.0213502686703947e-08,0.04526534859521332,0.792580446812871,0.3553151679589544,0.30630264214052116,0.24202708458437983,0.13940968281929644,0.09276886374057623,0.04699414839443671,0.17713664884165017,0.8224179267673034,0.0,0.8221001633837628,0.7810187090162293,0.7677145398975238,0.8022688901992279,0.6024868703126608,0.14568669412938015
60,0.3572076842672043,0.5214290762827684,0.42113977318646656,0.22177476463025386,0.4870879818986467,0.4903923570744997,0.6511762674606816,0.04005949054190875,2.832682047331631e-08,8.394280517508709e-08,0.20478268672777708,1.9514006012158953e-08,0.15744930957109599,0.004609544468546638,0.0,0.0,0.6927254440992077,0.0,0.17543859649122806,0.050592654600859883,0.11615603410628976,0.0825895473650719,7.900894030481588e-08,0.632970118247142,9.482891306915532e-09,0.04890738813735692,0.8900047824007651,0.4645474733900807,0.3781273895622671,0.07481359427684714,0.010754395971594976,0.0034356890847422336,0.0023995571242259595,0.3992469525444516,0.35668319794156383,0.0,0.8221001633837628,0.7810187090162293,0.7677145398975238,0.8022688901992279,0.3050225244435825,0.17859833627734784
61,0.35068363471368147,0.3081689694315324,0.08390078942584267,0.7289158627605743,0.0684571130661919,0.06782746722565089,0.25094267805648535,0.44362669412494987,7.71151582455048e-08,6.836075741208118e-08,0.0847831053303452,9.506915956972273e-09,0.041533106557413775,0.09327548806941433,0.14461492068991558,0.15486542443064183,0.05998340597500891,0.3333333333333333,0.19298245614035087,0.25373949746932856,0.33420334663603035,0.2946285535665444,6.300252996781062e-09,0.2316472389819093,7.332219179625104e-09,0.024919217919929897,0.8475780556124886,0.5454829264164517,0.5833136981881676,0.15208898150917496,0.33921816353438733,0.35257242868902483,0.31224794713399434,0.02209354703333814,0.44405532699061995,0.37333509728039005,0.5640939953529149,0.5022598885994611,0.48314719070577894,0.5333803708911251,0.8796482542260116,0.4751414533443539
62,0.35717617112910616,0.31245655778139614,0.19367316666940615,0.4321338033414137,0.6472847608660441,0.6554391398470544,0.7844997097354129,0.3073487041697561,7.015989984203844e-08,1.5979337812012042e-07,0.23230671417965934,5.896326200495345e-08,0.056453144204028666,0.030368763557483733,0.06602544978677444,0.02774327122153209,0.11783589839621182,1.0,0.2631578947368421,0.11836627982973935,0.0,0.1780955730082444,1.8454556424719399e-09,0.8689484699121898,2.2778659486187834e-09,0.08861383427350895,0.8020086083213778,0.34043794402597977,0.3644021907191459,0.21401535333126662,0.05158142027588327,0.037929828789015116,0.014493595595154526,0.5089488213283232,0.016363207660580515,0.04356825989295214,0.8475159101159475,0.770014875165093,0.7392475742978961,0.8092650549583187,0.36049526464317544,0.2464233014222042
63,0.35068461825229136,0.3419504897922454,0.30874588703784556,0.2608058736877352,0.28095451024455986,0.08781174229814931,0.810397922772446,0.006240614240554919,0.00016848371889171166,0.00042079329454531114,0.08889535575175797,6.737381593780963e-05,0.07732223285208646,0.03172451193058568,0.10013127580806924,0.03561076604554866,0.04140422228710677,0.0,0.21052631578947367,0.08288570848770485,0.1970156924991111,0.13062165435861367,3.4873244754181298e-06,0.6375156793650297,2.072924382267112e-06,0.06147653212114573,0.7580105212816834,0.34400596927173827,0.25878784835075364,0.1344090281505243,0.10408433707920647,0.04878459096213474,0.02086233714475059,0.04722381213419906,0.702842697831534,0.06400217049360597,0.5343220979167871,0.5103120641175423,0.5531378819535249,0.5208139513396284,0.3018400781439218,0.23560251504844573
64,0.33766288267479294,0.41828486133954834,0.25573506294450477,0.39346227397106104,1.0,0.4384507335720438,0.7085371066765904,0.0029475088983731542,0.000724643889345607,0.0018578519899220373,0.40017405920085375,0.0008139565683108021,0.02553757203781329,0.009219088937093277,0.0,0.0,0.02805861507125695,0.0,0.08771929824561403,0.03293517592590411,0.005435691902147596,0.02016734486550452,4.567700594078445e-06,0.5436430055966462,3.276822708486078e-06,0.06161345090092557,0.939502630320421,0.42536581419266034,0.5558349467481071,0.07463693651521475,0.002902506564298879,0.0010271157075422187,0.00023471078485112073,0.2733123530742097,0.5310296507546907,0.0029643461407405283,0.1801500838822987,0.22057641163945485,0.4481119726579621,0.19700437953264238,0.3724009359382677,0.10147191707046276
65,0.9999996559092139,0.3013976147126739,0.1645396946798281,0.48698232149188236,0.02515641904047561,0.013286067009210131,0.22533706241384877,0.48019733208997734,1.8036181086643104e-07,5.599475734761295e-08,0.05689061977541394,2.0126541411879625e-08,0.5095320777928536,0.03308026030368764,0.0,0.0,0.05193038121623821,0.0,0.10526315789473684,0.15769223419308345,0.18591244610131905,0.02027340065084761,5.206830732106055e-10,0.4218166316887647,3.6050523331811713e-10,0.05118023988170217,0.7360114777618365,0.21601896062592302,0.1741389624604282,0.08200997796867637,0.0378707813702135,0.016800396769324624,0.005877394067620563,0.07430672952168844,0.7036553961680392,0.023798570280083454,0.7361063448941318,0.6002719523543512,0.38495288635509883,0.6712867627912873,0.35390141377234247,0.029947974523742878
66,0.019481804699321925,0.5459444614538672,0.3965808001103902,0.2615418544510816,0.09002890382869605,0.09657717195044427,0.30561275433685015,0.40768151611146697,1.5552338953562453e-07,8.389971815353561e-08,0.08610863652414658,2.7844293282394404e-08,0.19585611843092987,0.14289587852494579,0.3251874408377344,0.20993788819875775,0.19366412244300846,0.16666666666666666,0.43859649122807015,0.3838243407514381,0.7993200299810029,0.5218223733052006,1.0685263956727187e-08,0.2744649906174389,1.4022511891763128e-08,0.09400843419683444,0.8101564022176169,0.4785034622589011,0.5085921222485433,0.42184348897409274,0.7017437645295979,0.39770035748940624,0.36514591773489563,0.04058942680605642,0.3675637064555415,0.4161733817989241,0.16065720812080153,0.04615613402076191,0.0,0.10347288368790997,0.58913913121603,0.21360716831859003
67,0.003246791145837369,0.7648788345095997,0.6097515262655943,0.1459372482694551,0.25977017489626736,0.17577270588784508,0.37933519332021587,0.04978617319628402,8.996920593596242e-06,6.67565348938318e-06,0.1750485728388618,3.404474548702207e-06,0.16854414273891508,0.08405639913232105,0.03398478727990445,0.010766045548654244,1.0,0.0,0.08771929824561403,0.08101309869853454,0.3092825539305423,0.14429168690099411,1.6922256734230385e-07,0.5343146242227607,6.048551340009679e-08,0.04510104605947752,0.9984286397485829,0.4366333778710848,0.5971850569032039,0.12729296264102724,0.03547015260567977,0.015237379333219865,0.0066190538362964,0.07132212238346343,0.7876919690784678,0.014864460858215064,0.21584260569256752,0.10597315860895273,0.06118841606889447,0.15990048196700535,0.4784778939808748,0.27812632354075856
68,0.3506820111428326,0.16009365903483064,0.06311470430968869,0.6137104449991196,0.0771250409278095,0.04474623034793099,0.1638470320222996,0.6755160309872819,9.049728209140029e-08,2.035898142321784e-08,0.12226559809957668,1.293496031366737e-08,0.06172937182667558,0.03308026030368764,0.006099388424000539,0.019047619047619046,0.021069563843894204,0.0,0.12280701754385964,0.06336928985846113,0.13986107655482546,0.05642725968596323,7.555115691711414e-10,0.3143862021380971,3.975292093612204e-10,0.05265896270332439,0.9848756575801054,0.20291801337286614,0.14126846916811983,0.0720230108050483,0.07125937843404492,0.038528940538695794,0.027826713143715896,0.06683444808466656,0.5594821121345511,0.0641889952676354,0.03758499857621933,0.0,0.12215977055267357,0.016367726187655585,0.6170077171997884,0.00012767553966566616
69,0.3507164495396262,0.7253685897608296,0.5942994884257665,0.1448430603688698,0.877497295478914,0.6421056513208281,0.5344206543146797,8.590402151372801e-05,1.0,0.9999999999999998,0.43907892755185923,1.0,0.21622601904865496,0.007863340563991324,0.0,0.0,0.06357387703129548,0.16666666666666666,0.24561403508771928,0.09929801693565127,0.20689845746592833,0.1172195522213105,0.013638643860098687,0.6320507787889632,0.011703118615576677,0.04488197601182978,0.8328072692491639,0.4387663554574349,0.38866063770926307,0.18562264604695095,0.019188426706278395,0.015124907979416376,0.010419263348320716,0.647237737334779,0.1662091167251614,0.013139434948397241,0.8111659779912457,0.782399024389032,0.7812342090614752,0.7976464421967284,0.478468627756418,0.1334652051505705
70,0.35717520041516715,0.39177876164066716,0.18827445049042701,0.5115921573805623,0.57144912983998,0.5670257821161081,0.654156296010868,0.2734421278766626,1.5151272277630073e-07,2.060975482667905e-07,0.24068268843043597,1.0862016375346515e-07,0.05176422140203211,0.0037960954446854666,0.0,0.0,0.0588359336372653,0.16666666666666666,0.14035087719298245,0.0415301765854054,0.16436698752022846,0.09475805326233178,1.7193441820729828e-09,0.48808244196934536,2.150289170397612e-09,0.08152144148091353,0.6975131516021043,0.30443664323163205,0.29572101421454844,0.12763015029445454,0.037172090458940404,0.02893646458637323,0.020806020431116703,0.520310890781207,0.17196040966415993,0.03189730192966935,0.9181031311377716,0.8304396415290407,0.7798590966892753,0.874305566055015,0.40284325572406676,0.2642470510890899
